graph_id,num_nodes
0,18
1,25
2,60
3,19
4,16
5,48
6,17
7,18
8,60
9,21
10,17
11,24
12,20
13,16
14,17
15,20
16,19
17,52
18,24
19,29
20,111
21,35
22,20
23,32
24,17
25,19
26,28
27,17
28,22
29,28
30,28
31,24
32,20
33,21
34,20
35,29
36,53
37,123
38,17
39,34
40,31
41,19
42,20
43,24
44,24
45,42
46,21
47,32
48,24
49,28
50,16
51,34
52,24
53,23
54,34
55,23
56,15
57,37
58,26
59,19
60,33
61,17
62,22
63,54
64,16
65,17
66,34
67,19
68,19
69,25
70,17
71,27
72,20
73,25
74,20
75,64
76,38
77,21
78,60
79,29
80,115
81,47
82,19
83,31
84,50
85,28
86,29
87,32
88,15
89,39
90,26
91,32
92,16
93,47
94,21
95,34
96,39
97,24
98,34
99,28
100,21
101,33
102,23
103,18
104,18
105,16
106,58
107,28
108,30
109,41
110,22
111,24
112,18
113,17
114,44
115,24
116,21
117,60
118,22
119,22
120,22
121,28
122,21
123,30
124,38
125,24
126,17
127,23
128,25
129,17
130,25
131,19
132,17
133,21
134,43
135,38
136,31
137,22
138,29
139,15
140,23
141,35
142,31
143,25
144,45
145,48
146,22
147,15
148,29
149,27
150,26
151,17
152,19
153,27
154,15
155,26
156,15
157,52
158,60
159,25
160,43
161,20
162,53
163,25
164,32
165,15
166,22
167,54
168,16
169,23
170,18
171,26
172,38
173,20
174,77
175,27
176,32
177,18
178,21
179,31
180,25
181,15
182,26
183,15
184,15
185,22
186,15
187,38
188,22
189,42
190,19
191,20
192,29
193,17
194,18
195,15
196,17
197,38
198,24
199,77
200,16
201,79
202,25
203,30
204,24
205,47
206,61
207,27
208,21
209,18
210,24
211,19
212,40
213,43
214,45
215,52
216,28
217,20
218,19
219,34
220,23
221,30
222,16
223,44
224,35
225,59
226,18
227,29
228,21
229,23
230,76
231,30
232,29
233,24
234,26
235,23
236,31
237,53
238,19
239,20
240,38
241,48
242,200
243,30
244,26
245,29
246,36
247,25
248,44
249,52
250,24
251,193
252,39
253,17
254,32
255,27
256,16
257,22
258,35
259,20
260,19
261,24
262,41
263,31
264,21
265,30
266,17
267,21
268,21
269,16
270,31
271,29
272,44
273,42
274,34
275,30
276,38
277,27
278,15
279,53
280,22
281,30
282,47
283,50
284,18
285,26
286,26
287,17
288,32
289,27
290,20
291,16
292,39
293,15
294,41
295,59
296,35
297,20
298,20
299,30
300,42
301,18
302,16
303,17
304,21
305,26
306,23
307,57
308,34
309,22
310,44
311,25
312,64
313,42
314,39
315,20
316,51
317,23
318,25
319,21
320,15
321,24
322,17
323,55
324,29
325,26
326,24
327,17
328,62
329,19
330,19
331,19
332,59
333,25
334,15
335,23
336,25
337,26
338,19
339,36
340,31
341,30
342,25
343,17
344,21
345,83
346,26
347,59
348,19
349,43
350,49
351,25
352,19
353,21
354,16
355,16
356,20
357,26
358,62
359,33
360,26
361,36
362,22
363,38
364,44
365,31
366,20
367,21
368,34
369,22
370,33
371,24
372,35
373,23
374,22
375,46
376,34
377,20
378,91
379,29
380,18
381,34
382,18
383,19
384,39
385,20
386,19
387,21
388,29
389,15
390,28
391,23
392,23
393,32
394,15
395,25
396,26
397,16
398,22
399,26
400,32
401,34
402,33
403,24
404,22
405,48
406,34
407,19
408,16
409,118
410,29
411,30
412,118
413,31
414,18
415,43
416,19
417,20
418,21
419,46
420,21
421,17
422,97
423,64
424,54
425,23
426,52
427,43
428,22
429,15
430,20
431,39
432,38
433,23
434,32
435,16
436,16
437,52
438,30
439,45
440,18
441,24
442,39
443,54
444,21
445,64
446,68
447,42
448,20
449,32
450,64
451,19
452,21
453,28
454,38
455,31
456,18
457,34
458,36
459,16
460,40
461,25
462,19
463,19
464,18
465,23
466,28
467,44
468,18
469,32
470,32
471,17
472,17
473,15
474,62
475,20
476,16
477,26
478,29
479,22
480,24
481,41
482,26
483,37
484,47
485,16
486,43
487,39
488,16
489,44
490,20
491,43
492,24
493,17
494,17
495,31
496,58
497,24
498,21
499,16
500,53
501,18
502,23
503,17
504,21
505,30
506,44
507,29
508,19
509,16
510,40
511,22
512,51
513,21
514,48
515,22
516,19
517,22
518,19
519,29
520,44
521,21
522,30
523,24
524,22
525,19
526,40
527,38
528,35
529,21
530,46
531,32
532,134
533,36
534,36
535,18
536,52
537,25
538,22
539,30
540,43
541,32
542,18
543,18
544,23
545,17
546,34
547,20
548,18
549,19
550,25
551,19
552,27
553,30
554,19
555,31
556,31
557,19
558,95
559,45
560,16
561,34
562,16
563,26
564,31
565,19
566,16
567,49
568,31
569,26
570,24
571,60
572,22
573,31
574,17
575,17
576,81
577,94
578,16
579,56
580,46
581,21
582,24
583,68
584,24
585,40
586,44
587,28
588,42
589,63
590,23
591,19
592,17
593,24
594,23
595,19
596,23
597,36
598,31
599,21
600,75
601,38
602,170
603,18
604,21
605,17
606,49
607,24
608,20
609,29
610,31
611,27
612,37
613,27
614,39
615,17
616,20
617,19
618,24
619,34
620,18
621,25
622,54
623,28
624,49
625,41
626,28
627,23
628,23
629,28
630,19
631,21
632,16
633,36
634,72
635,16
636,26
637,40
638,22
639,110
640,22
641,44
642,35
643,16
644,28
645,23
646,23
647,34
648,44
649,75
650,22
651,15
652,181
653,26
654,44
655,37
656,18
657,17
658,37
659,32
660,20
661,55
662,67
663,18
664,20
665,22
666,50
667,20
668,17
669,182
670,35
671,19
672,20
673,23
674,54
675,23
676,24
677,22
678,19
679,29
680,31
681,15
682,17
683,23
684,24
685,29
686,44
687,23
688,30
689,17
690,40
691,132
692,24
693,18
694,15
695,18
696,44
697,22
698,57
699,62
700,25
701,22
702,22
703,22
704,31
705,22
706,45
707,26
708,19
709,21
710,18
711,22
712,16
713,17
714,19
715,21
716,21
717,43
718,18
719,40
720,24
721,19
722,15
723,36
724,43
725,24
726,18
727,15
728,27
729,40
730,40
731,24
732,38
733,33
734,22
735,17
736,22
737,17
738,24
739,19
740,42
741,24
742,17
743,20
744,33
745,55
746,25
747,44
748,19
749,41
750,63
751,29
752,24
753,19
754,20
755,32
756,24
757,34
758,18
759,20
760,23
761,37
762,25
763,77
764,22
765,21
766,15
767,39
768,38
769,41
770,35
771,23
772,30
773,35
774,19
775,38
776,17
777,117
778,33
779,21
780,16
781,28
782,23
783,15
784,31
785,29
786,18
787,21
788,18
789,27
790,28
791,28
792,29
793,20
794,16
795,22
796,21
797,43
798,128
799,18
800,31
801,15
802,19
803,15
804,42
805,22
806,25
807,27
808,40
809,56
810,30
811,24
812,19
813,23
814,34
815,24
816,20
817,18
818,27
819,30
820,27
821,15
822,30
823,28
824,44
825,16
826,42
827,19
828,17
829,20
830,105
831,36
832,26
833,20
834,16
835,38
836,15
837,50
838,33
839,18
840,18
841,35
842,24
843,23
844,27
845,44
846,28
847,19
848,15
849,42
850,17
851,72
852,27
853,31
854,40
855,23
856,21
857,48
858,22
859,52
860,36
861,26
862,27
863,19
864,18
865,30
866,18
867,19
868,19
869,28
870,18
871,34
872,64
873,22
874,27
875,22
876,50
877,49
878,40
879,15
880,21
881,18
882,19
883,18
884,85
885,19
886,33
887,19
888,22
889,36
890,95
891,39
892,30
893,16
894,17
895,39
896,15
897,40
898,27
899,21
900,42
901,16
902,48
903,56
904,25
905,16
906,20
907,17
908,18
909,19
910,36
911,22
912,27
913,22
914,22
915,63
916,36
917,25
918,18
919,16
920,43
921,38
922,20
923,21
924,35
925,27
926,20
927,27
928,18
929,18
930,16
931,17
932,24
933,16
934,19
935,24
936,81
937,30
938,20
939,25
940,30
941,22
942,24
943,47
944,58
945,20
946,21
947,26
948,20
949,25
950,17
951,32
952,116
953,24
954,30
955,19
956,42
957,53
958,24
959,25
960,16
961,18
962,25
963,19
964,47
965,40
966,19
967,16
968,24
969,23
970,30
971,32
972,19
973,25
974,55
975,15
976,44
977,21
978,17
979,25
980,37
981,15
982,49
983,22
984,41
985,21
986,21
987,17
988,27
989,21
990,20
991,22
992,27
993,23
994,18
995,22
996,25
997,20
998,33
999,22
1000,48
1001,18
1002,15
1003,32
1004,43
1005,34
1006,22
1007,25
1008,50
1009,30
1010,15
1011,27
1012,17
1013,20
1014,19
1015,24
1016,16
1017,18
1018,23
1019,36
1020,90
1021,52
1022,36
1023,54
1024,21
1025,48
1026,21
1027,20
1028,48
1029,55
1030,24
1031,75
1032,32
1033,39
1034,19
1035,28
1036,54
1037,50
1038,26
1039,21
1040,19
1041,44
1042,16
1043,59
1044,85
1045,32
1046,27
1047,68
1048,105
1049,29
1050,26
1051,39
1052,51
1053,24
1054,17
1055,91
1056,19
1057,24
1058,22
1059,24
1060,29
1061,17
1062,48
1063,80
1064,23
1065,21
1066,44
1067,58
1068,15
1069,22
1070,15
1071,20
1072,23
1073,19
1074,39
1075,79
1076,20
1077,33
1078,22
1079,184
1080,27
1081,15
1082,27
1083,39
1084,26
1085,22
1086,18
1087,15
1088,27
1089,20
1090,34
1091,20
1092,26
1093,178
1094,19
1095,22
1096,56
1097,44
1098,31
1099,22
1100,22
1101,18
1102,15
1103,87
1104,20
1105,35
1106,16
1107,18
1108,16
1109,22
1110,16
1111,32
1112,28
1113,21
1114,18
1115,34
1116,24
1117,25
1118,17
1119,22
1120,31
1121,23
1122,48
1123,25
1124,34
1125,18
1126,153
1127,53
1128,105
1129,24
1130,26
1131,23
1132,26
1133,18
1134,30
1135,18
1136,39
1137,19
1138,18
1139,20
1140,22
1141,17
1142,17
1143,48
1144,27
1145,24
1146,21
1147,44
1148,43
1149,17
1150,19
1151,25
1152,19
1153,24
1154,41
1155,15
1156,20
1157,173
1158,35
1159,18
1160,31
1161,24
1162,23
1163,27
1164,19
1165,27
1166,25
1167,38
1168,55
1169,44
1170,28
1171,42
1172,42
1173,26
1174,17
1175,22
1176,17
1177,22
1178,36
1179,63
1180,21
1181,20
1182,18
1183,27
1184,25
1185,54
1186,17
1187,33
1188,18
1189,37
1190,17
1191,50
1192,27
1193,24
1194,31
1195,19
1196,41
1197,18
1198,33
1199,33
1200,24
1201,53
1202,27
1203,16
1204,26
1205,47
1206,37
1207,16
1208,31
1209,16
1210,36
1211,17
1212,22
1213,72
1214,25
1215,21
1216,18
1217,36
1218,23
1219,18
1220,36
1221,17
1222,25
1223,58
1224,36
1225,51
1226,25
1227,27
1228,54
1229,16
1230,17
1231,21
1232,21
1233,19
1234,21
1235,25
1236,27
1237,40
1238,21
1239,49
1240,23
1241,41
1242,20
1243,26
1244,42
1245,19
1246,32
1247,23
1248,24
1249,23
1250,19
1251,24
1252,51
1253,24
1254,19
1255,56
1256,31
1257,17
1258,23
1259,30
1260,33
1261,24
1262,23
1263,22
1264,16
1265,15
1266,26
1267,25
1268,31
1269,22
1270,20
1271,25
1272,21
1273,28
1274,15
1275,18
1276,34
1277,79
1278,22
1279,32
1280,26
1281,17
1282,36
1283,26
1284,111
1285,27
1286,50
1287,15
1288,24
1289,28
1290,38
1291,29
1292,16
1293,23
1294,20
1295,52
1296,26
1297,16
1298,16
1299,26
1300,57
1301,18
1302,39
1303,15
1304,39
1305,33
1306,48
1307,52
1308,26
1309,39
1310,17
1311,20
1312,20
1313,42
1314,15
1315,18
1316,21
1317,15
1318,31
1319,42
1320,27
1321,32
1322,16
1323,36
1324,24
1325,29
1326,23
1327,99
1328,16
1329,28
1330,26
1331,22
1332,28
1333,32
1334,18
1335,28
1336,19
1337,21
1338,17
1339,16
1340,66
1341,20
1342,32
1343,38
1344,28
1345,24
1346,35
1347,34
1348,22
1349,41
1350,27
1351,32
1352,15
1353,22
1354,58
1355,17
1356,23
1357,52
1358,20
1359,34
1360,23
1361,21
1362,40
1363,21
1364,16
1365,20
1366,18
1367,24
1368,48
1369,50
1370,42
1371,28
1372,31
1373,16
1374,40
1375,45
1376,15
1377,21
1378,72
1379,30
1380,18
1381,29
1382,25
1383,29
1384,26
1385,27
1386,18
1387,30
1388,30
1389,40
1390,76
1391,32
1392,17
1393,42
1394,16
1395,19
1396,22
1397,31
1398,54
1399,26
1400,16
1401,17
1402,16
1403,20
1404,34
1405,18
1406,26
1407,22
1408,23
1409,25
1410,17
1411,24
1412,25
1413,24
1414,22
1415,30
1416,34
1417,38
1418,20
1419,24
1420,49
1421,25
1422,23
1423,35
1424,32
1425,25
1426,27
1427,24
1428,29
1429,44
1430,15
1431,48
1432,16
1433,17
1434,38
1435,17
1436,25
1437,18
1438,31
1439,19
1440,23
1441,18
1442,42
1443,35
1444,20
1445,20
1446,23
1447,22
1448,24
1449,19
1450,39
1451,69
1452,32
1453,28
1454,52
1455,22
1456,16
1457,26
1458,43
1459,25
1460,17
1461,57
1462,17
1463,17
1464,40
1465,27
1466,34
1467,36
1468,20
1469,77
1470,17
1471,38
1472,91
1473,43
1474,19
1475,16
1476,18
1477,23
1478,34
1479,30
1480,40
1481,38
1482,42
1483,27
1484,23
1485,22
1486,33
1487,321
1488,15
1489,24
1490,35
1491,22
1492,17
1493,79
1494,26
1495,22
1496,19
1497,23
1498,35
1499,17
1500,21
1501,19
1502,21
1503,26
1504,15
1505,42
1506,22
1507,29
1508,25
1509,30
1510,103
1511,18
1512,21
1513,36
1514,22
1515,38
1516,34
1517,32
1518,20
1519,30
1520,27
1521,29
1522,45
1523,17
1524,17
1525,48
1526,16
1527,20
1528,22
1529,35
1530,40
1531,16
1532,23
1533,66
1534,24
1535,20
1536,33
1537,16
1538,15
1539,30
1540,24
1541,20
1542,20
1543,38
1544,37
1545,43
1546,23
1547,33
1548,23
1549,28
1550,62
1551,20
1552,52
1553,21
1554,33
1555,52
1556,22
1557,20
1558,34
1559,21
1560,38
1561,33
1562,78
1563,28
1564,29
1565,18
1566,52
1567,20
1568,17
1569,19
1570,17
1571,27
1572,18
1573,28
1574,24
1575,15
1576,45
1577,52
1578,16
1579,19
1580,59
1581,23
1582,30
1583,35
1584,24
1585,29
1586,22
1587,22
1588,36
1589,44
1590,17
1591,20
1592,78
1593,23
1594,20
1595,22
1596,25
1597,17
1598,27
1599,20
1600,40
1601,65
1602,23
1603,44
1604,21
1605,19
1606,15
1607,16
1608,16
1609,17
1610,19
1611,31
1612,36
1613,33
1614,40
1615,46
1616,47
1617,20
1618,18
1619,19
1620,34
1621,197
1622,26
1623,19
1624,16
1625,38
1626,32
1627,39
1628,18
1629,19
1630,43
1631,29
1632,18
1633,26
1634,22
1635,28
1636,18
1637,21
1638,26
1639,116
1640,17
1641,19
1642,26
1643,36
1644,61
1645,32
1646,39
1647,25
1648,37
1649,31
1650,90
1651,21
1652,21
1653,25
1654,17
1655,18
1656,40
1657,25
1658,64
1659,28
1660,32
1661,22
1662,29
1663,54
1664,15
1665,24
1666,40
1667,29
1668,63
1669,21
1670,31
1671,96
1672,18
1673,26
1674,35
1675,48
1676,63
1677,19
1678,44
1679,48
1680,27
1681,37
1682,83
1683,24
1684,18
1685,17
1686,36
1687,16
1688,39
1689,32
1690,25
1691,30
1692,33
1693,23
1694,23
1695,22
1696,24
1697,18
1698,18
1699,22
1700,28
1701,20
1702,33
1703,48
1704,20
1705,27
1706,29
1707,20
1708,26
1709,19
1710,20
1711,53
1712,18
1713,21
1714,15
1715,52
1716,76
1717,18
1718,20
1719,44
1720,17
1721,28
1722,28
1723,35
1724,21
1725,54
1726,41
1727,17
1728,108
1729,21
1730,46
1731,50
1732,19
1733,26
1734,34
1735,28
1736,30
1737,28
1738,30
1739,21
1740,23
1741,17
1742,22
1743,21
1744,20
1745,21
1746,51
1747,30
1748,42
1749,22
1750,20
1751,27
1752,37
1753,44
1754,16
1755,31
1756,19
1757,26
1758,18
1759,20
1760,34
1761,28
1762,33
1763,16
1764,27
1765,36
1766,61
1767,16
1768,48
1769,29
1770,22
1771,19
1772,44
1773,36
1774,75
1775,23
1776,21
1777,42
1778,17
1779,21
1780,34
1781,24
1782,19
1783,23
1784,31
1785,25
1786,21
1787,22
1788,35
1789,30
1790,19
1791,16
1792,23
1793,70
1794,16
1795,32
1796,22
1797,21
1798,22
1799,19
1800,33
1801,25
1802,58
1803,174
1804,44
1805,19
1806,25
1807,49
1808,18
1809,17
1810,19
1811,20
1812,53
1813,22
1814,23
1815,29
1816,24
1817,47
1818,22
1819,18
1820,20
1821,49
1822,26
1823,21
1824,17
1825,21
1826,69
1827,20
1828,16
1829,17
1830,36
1831,21
1832,26
1833,20
1834,26
1835,40
1836,61
1837,26
1838,32
1839,28
1840,35
1841,15
1842,25
1843,26
1844,57
1845,19
1846,70
1847,19
1848,40
1849,19
1850,86
1851,78
1852,18
1853,20
1854,21
1855,52
1856,33
1857,38
1858,34
1859,15
1860,32
1861,15
1862,46
1863,25
1864,34
1865,18
1866,19
1867,25
1868,29
1869,25
1870,22
1871,65
1872,40
1873,17
1874,46
1875,22
1876,17
1877,38
1878,18
1879,18
1880,16
1881,24
1882,19
1883,36
1884,40
1885,15
1886,47
1887,21
1888,62
1889,30
1890,52
1891,24
1892,22
1893,16
1894,21
1895,23
1896,54
1897,24
1898,23
1899,28
1900,17
1901,36
1902,23
1903,48
1904,20
1905,17
1906,16
1907,19
1908,66
1909,37
1910,27
1911,24
1912,22
1913,38
1914,40
1915,15
1916,24
1917,41
1918,21
1919,26
1920,15
1921,20
1922,18
1923,20
1924,86
1925,44
1926,24
1927,128
1928,17
1929,17
1930,21
1931,49
1932,22
1933,22
1934,28
1935,25
1936,24
1937,28
1938,22
1939,17
1940,54
1941,29
1942,23
1943,15
1944,25
1945,30
1946,21
1947,16
1948,52
1949,28
1950,29
1951,22
1952,21
1953,16
1954,42
1955,16
1956,28
1957,21
1958,36
1959,16
1960,24
1961,17
1962,36
1963,17
1964,15
1965,18
1966,19
1967,31
1968,16
1969,19
1970,24
1971,17
1972,39
1973,24
1974,18
1975,25
1976,18
1977,30
1978,38
1979,31
1980,29
1981,125
1982,24
1983,24
1984,25
1985,31
1986,88
1987,17
1988,54
1989,40
1990,30
1991,34
1992,18
1993,38
1994,20
1995,46
1996,27
1997,22
1998,29
1999,18
2000,22
2001,17
2002,23
2003,19
2004,34
2005,34
2006,17
2007,44
2008,20
2009,19
2010,21
2011,51
2012,41
2013,24
2014,52
2015,21
2016,38
2017,19
2018,29
2019,18
2020,20
2021,37
2022,32
2023,31
2024,17
2025,72
2026,28
2027,28
2028,32
2029,19
2030,29
2031,87
2032,30
2033,24
2034,25
2035,40
2036,21
2037,103
2038,21
2039,32
2040,19
2041,77
2042,18
2043,16
2044,28
2045,16
2046,26
2047,32
2048,17
2049,23
2050,63
2051,26
2052,24
2053,22
2054,24
2055,16
2056,25
2057,70
2058,19
2059,30
2060,25
2061,55
2062,46
2063,27
2064,19
2065,59
2066,17
2067,42
2068,31
2069,15
2070,28
2071,20
2072,24
2073,21
2074,36
2075,17
2076,31
2077,17
2078,45
2079,20
2080,15
2081,40
2082,16
2083,55
2084,67
2085,19
2086,16
2087,20
2088,31
2089,19
2090,17
2091,31
2092,20
2093,15
2094,33
2095,17
2096,109
2097,18
2098,20
2099,35
2100,18
2101,36
2102,17
2103,25
2104,23
2105,27
2106,26
2107,34
2108,18
2109,21
2110,39
2111,28
2112,30
2113,20
2114,39
2115,24
2116,24
2117,19
2118,323
2119,38
2120,38
2121,64
2122,18
2123,24
2124,34
2125,41
2126,24
2127,16
2128,40
2129,18
2130,24
2131,19
2132,49
2133,44
2134,30
2135,31
2136,46
2137,21
2138,26
2139,41
2140,53
2141,16
2142,35
2143,25
2144,30
2145,18
2146,23
2147,23
2148,76
2149,26
2150,39
2151,33
2152,18
2153,52
2154,21
2155,26
2156,24
2157,40
2158,27
2159,24
2160,18
2161,16
2162,38
2163,33
2164,19
2165,40
2166,32
2167,22
2168,19
2169,24
2170,23
2171,16
2172,22
2173,17
2174,26
2175,15
2176,19
2177,23
2178,31
2179,27
2180,67
2181,23
2182,18
2183,16
2184,19
2185,41
2186,24
2187,24
2188,18
2189,55
2190,24
2191,17
2192,24
2193,53
2194,34
2195,33
2196,36
2197,25
2198,32
2199,53
2200,26
2201,21
2202,22
2203,18
2204,28
2205,44
2206,20
2207,36
2208,18
2209,26
2210,102
2211,30
2212,27
2213,21
2214,15
2215,21
2216,27
2217,23
2218,31
2219,26
2220,69
2221,20
2222,24
2223,26
2224,21
2225,24
2226,28
2227,17
2228,18
2229,31
2230,20
2231,34
2232,38
2233,16
2234,52
2235,16
2236,17
2237,16
2238,21
2239,27
2240,36
2241,29
2242,38
2243,23
2244,35
2245,18
2246,27
2247,34
2248,17
2249,20
2250,26
2251,56
2252,27
2253,15
2254,16
2255,20
2256,15
2257,20
2258,72
2259,26
2260,84
2261,37
2262,82
2263,23
2264,26
2265,23
2266,18
2267,16
2268,34
2269,32
2270,26
2271,30
2272,37
2273,19
2274,19
2275,27
2276,46
2277,23
2278,18
2279,38
2280,18
2281,37
2282,18
2283,21
2284,22
2285,49
2286,22
2287,21
2288,21
2289,27
2290,50
2291,28
2292,32
2293,30
2294,42
2295,17
2296,20
2297,108
2298,24
2299,26
2300,31
2301,30
2302,21
2303,28
2304,27
2305,24
2306,33
2307,28
2308,23
2309,19
2310,19
2311,22
2312,15
2313,48
2314,47
2315,21
2316,31
2317,34
2318,24
2319,23
2320,15
2321,24
2322,20
2323,17
2324,15
2325,19
2326,21
2327,17
2328,17
2329,16
2330,23
2331,49
2332,48
2333,17
2334,22
2335,22
2336,34
2337,19
2338,49
2339,22
2340,55
2341,70
2342,23
2343,31
2344,18
2345,20
2346,21
2347,36
2348,15
2349,40
2350,21
2351,25
2352,58
2353,47
2354,24
2355,15
2356,52
2357,22
2358,24
2359,30
2360,17
2361,26
2362,23
2363,20
2364,16
2365,21
2366,50
2367,18
2368,20
2369,25
2370,22
2371,20
2372,20
2373,39
2374,22
2375,32
2376,20
2377,25
2378,43
2379,34
2380,18
2381,27
2382,39
2383,17
2384,18
2385,28
2386,17
2387,62
2388,48
2389,17
2390,18
2391,17
2392,19
2393,58
2394,25
2395,17
2396,28
2397,39
2398,24
2399,40
2400,19
2401,20
2402,34
2403,19
2404,33
2405,28
2406,21
2407,40
2408,40
2409,36
2410,33
2411,19
2412,16
2413,24
2414,21
2415,22
2416,33
2417,32
2418,24
2419,17
2420,16
2421,24
2422,16
2423,37
2424,17
2425,38
2426,26
2427,24
2428,26
2429,20
2430,25
2431,16
2432,17
2433,35
2434,22
2435,70
2436,20
2437,24
2438,24
2439,52
2440,23
2441,22
2442,24
2443,22
2444,19
2445,19
2446,24
2447,63
2448,15
2449,19
2450,20
2451,26
2452,21
2453,50
2454,30
2455,21
2456,19
2457,17
2458,34
2459,28
2460,38
2461,23
2462,36
2463,17
2464,37
2465,46
2466,44
2467,20
2468,38
2469,24
2470,37
2471,27
2472,28
2473,18
2474,27
2475,25
2476,89
2477,38
2478,58
2479,20
2480,20
2481,29
2482,33
2483,36
2484,24
2485,16
2486,18
2487,50
2488,48
2489,22
2490,19
2491,18
2492,44
2493,19
2494,40
2495,48
2496,27
2497,33
2498,17
2499,26
2500,38
2501,27
2502,20
2503,22
2504,19
2505,18
2506,19
2507,19
2508,34
2509,24
2510,21
2511,32
2512,20
2513,23
2514,16
2515,38
2516,36
2517,22
2518,48
2519,163
2520,74
2521,42
2522,45
2523,24
2524,40
2525,80
2526,29
2527,15
2528,21
2529,24
2530,19
2531,37
2532,30
2533,22
2534,56
2535,57
2536,15
2537,17
2538,75
2539,21
2540,24
2541,62
2542,33
2543,102
2544,26
2545,20
2546,29
2547,24
2548,28
2549,62
2550,19
2551,34
2552,33
2553,34
2554,29
2555,16
2556,28
2557,42
2558,32
2559,49
2560,29
2561,186
2562,15
2563,20
2564,24
2565,21
2566,20
2567,60
2568,44
2569,27
2570,32
2571,24
2572,45
2573,48
2574,109
2575,17
2576,26
2577,18
2578,32
2579,26
2580,47
2581,17
2582,28
2583,25
2584,26
2585,17
2586,16
2587,29
2588,52
2589,23
2590,28
2591,16
2592,48
2593,15
2594,30
2595,40
2596,22
2597,17
2598,16
2599,31
2600,38
2601,15
2602,30
2603,20
2604,59
2605,64
2606,36
2607,15
2608,18
2609,28
2610,28
2611,21
2612,21
2613,23
2614,39
2615,22
2616,39
2617,16
2618,27
2619,53
2620,15
2621,17
2622,17
2623,16
2624,18
2625,21
2626,23
2627,23
2628,24
2629,39
2630,20
2631,34
2632,20
2633,18
2634,23
2635,48
2636,18
2637,24
2638,19
2639,39
2640,24
2641,24
2642,39
2643,37
2644,66
2645,28
2646,29
2647,29
2648,19
2649,32
2650,34
2651,20
2652,188
2653,34
2654,39
2655,16
2656,16
2657,24
2658,65
2659,72
2660,16
2661,18
2662,18
2663,30
2664,24
2665,31
2666,25
2667,30
2668,58
2669,49
2670,15
2671,75
2672,20
2673,192
2674,31
2675,34
2676,20
2677,42
2678,28
2679,18
2680,40
2681,18
2682,46
2683,25
2684,17
2685,29
2686,56
2687,133
2688,34
2689,31
2690,182
2691,67
2692,32
2693,81
2694,41
2695,41
2696,29
2697,22
2698,41
2699,37
2700,17
2701,24
2702,27
2703,22
2704,20
2705,26
2706,185
2707,42
2708,28
2709,71
2710,19
2711,20
2712,32
2713,30
2714,35
2715,29
2716,20
2717,31
2718,16
2719,30
2720,17
2721,22
2722,25
2723,32
2724,38
2725,22
2726,20
2727,18
2728,20
2729,18
2730,16
2731,16
2732,18
2733,16
2734,76
2735,27
2736,18
2737,24
2738,110
2739,68
2740,20
2741,24
2742,21
2743,19
2744,32
2745,89
2746,57
2747,19
2748,17
2749,30
2750,42
2751,17
2752,23
2753,55
2754,24
2755,22
2756,23
2757,16
2758,61
2759,18
2760,24
2761,29
2762,70
2763,76
2764,27
2765,17
2766,23
2767,34
2768,19
2769,22
2770,20
2771,30
2772,64
2773,85
2774,21
2775,24
2776,16
2777,17
2778,30
2779,23
2780,34
2781,21
2782,25
2783,36
2784,41
2785,32
2786,39
2787,23
2788,40
2789,62
2790,34
2791,20
2792,28
2793,34
2794,24
2795,40
2796,22
2797,27
2798,17
2799,18
2800,24
2801,16
2802,32
2803,31
2804,75
2805,16
2806,36
2807,22
2808,54
2809,26
2810,44
2811,46
2812,26
2813,19
2814,24
2815,46
2816,54
2817,47
2818,44
2819,35
2820,20
2821,38
2822,17
2823,16
2824,16
2825,60
2826,40
2827,52
2828,58
2829,41
2830,17
2831,21
2832,39
2833,72
2834,22
2835,21
2836,22
2837,23
2838,23
2839,331
2840,16
2841,41
2842,28
2843,19
2844,23
2845,59
2846,16
2847,115
2848,27
2849,16
2850,22
2851,21
2852,24
2853,19
2854,25
2855,17
2856,28
2857,22
2858,24
2859,19
2860,35
2861,16
2862,26
2863,38
2864,65
2865,34
2866,17
2867,62
2868,38
2869,22
2870,21
2871,28
2872,48
2873,40
2874,21
2875,37
2876,20
2877,21
2878,23
2879,38
2880,18
2881,30
2882,45
2883,16
2884,15
2885,22
2886,17
2887,23
2888,107
2889,19
2890,48
2891,56
2892,17
2893,35
2894,20
2895,16
2896,37
2897,23
2898,23
2899,52
2900,30
2901,44
2902,29
2903,42
2904,27
2905,64
2906,25
2907,24
2908,33
2909,15
2910,20
2911,42
2912,22
2913,15
2914,16
2915,29
2916,70
2917,61
2918,40
2919,41
2920,20
2921,20
2922,46
2923,42
2924,23
2925,38
2926,44
2927,43
2928,34
2929,26
2930,27
2931,16
2932,25
2933,20
2934,34
2935,20
2936,22
2937,46
2938,35
2939,19
2940,18
2941,20
2942,24
2943,22
2944,46
2945,44
2946,23
2947,25
2948,42
2949,17
2950,24
2951,28
2952,30
2953,25
2954,18
2955,21
2956,107
2957,20
2958,16
2959,17
2960,39
2961,48
2962,22
2963,47
2964,20
2965,24
2966,24
2967,39
2968,32
2969,26
2970,116
2971,17
2972,38
2973,33
2974,15
2975,17
2976,15
2977,28
2978,23
2979,15
2980,20
2981,50
2982,21
2983,50
2984,81
2985,21
2986,61
2987,33
2988,17
2989,17
2990,22
2991,30
2992,45
2993,116
2994,28
2995,24
2996,23
2997,20
2998,63
2999,38
3000,31
3001,32
3002,17
3003,33
3004,18
3005,79
3006,17
3007,28
3008,34
3009,21
3010,33
3011,56
3012,44
3013,23
3014,93
3015,22
3016,48
3017,24
3018,26
3019,24
3020,32
3021,22
3022,17
3023,29
3024,32
3025,46
3026,19
3027,48
3028,16
3029,23
3030,24
3031,16
3032,34
3033,36
3034,24
3035,34
3036,19
3037,17
3038,19
3039,28
3040,37
3041,42
3042,31
3043,16
3044,49
3045,47
3046,29
3047,31
3048,36
3049,20
3050,21
3051,16
3052,21
3053,18
3054,22
3055,25
3056,25
3057,24
3058,31
3059,23
3060,40
3061,17
3062,26
3063,22
3064,24
3065,59
3066,33
3067,41
3068,19
3069,28
3070,38
3071,52
3072,44
3073,50
3074,57
3075,22
3076,21
3077,19
3078,36
3079,29
3080,45
3081,34
3082,43
3083,54
3084,19
3085,17
3086,40
3087,38
3088,23
3089,27
3090,18
3091,16
3092,16
3093,57
3094,57
3095,20
3096,22
3097,21
3098,40
3099,19
3100,20
3101,20
3102,57
3103,26
3104,36
3105,20
3106,26
3107,26
3108,21
3109,16
3110,30
3111,57
3112,61
3113,28
3114,19
3115,19
3116,88
3117,32
3118,30
3119,20
3120,44
3121,20
3122,34
3123,24
3124,21
3125,24
3126,72
3127,24
3128,116
3129,20
3130,18
3131,19
3132,20
3133,22
3134,19
3135,26
3136,20
3137,19
3138,181
3139,39
3140,22
3141,25
3142,25
3143,37
3144,44
3145,16
3146,16
3147,18
3148,20
3149,38
3150,31
3151,38
3152,42
3153,33
3154,21
3155,17
3156,25
3157,64
3158,28
3159,52
3160,19
3161,25
3162,20
3163,28
3164,63
3165,24
3166,45
3167,16
3168,130
3169,18
3170,17
3171,26
3172,20
3173,18
3174,29
3175,27
3176,17
3177,16
3178,29
3179,24
3180,31
3181,17
3182,46
3183,15
3184,17
3185,32
3186,46
3187,29
3188,26
3189,32
3190,36
3191,37
3192,20
3193,34
3194,32
3195,24
3196,33
3197,19
3198,54
3199,24
3200,27
3201,54
3202,31
3203,29
3204,23
3205,32
3206,28
3207,36
3208,34
3209,62
3210,155
3211,18
3212,25
3213,58
3214,17
3215,15
3216,22
3217,21
3218,22
3219,40
3220,57
3221,30
3222,23
3223,25
3224,15
3225,37
3226,17
3227,63
3228,40
3229,28
3230,57
3231,19
3232,30
3233,36
3234,31
3235,65
3236,17
3237,34
3238,33
3239,30
3240,19
3241,20
3242,48
3243,21
3244,16
3245,56
3246,54
3247,34
3248,20
3249,55
3250,25
3251,19
3252,17
3253,31
3254,16
3255,31
3256,23
3257,30
3258,29
3259,34
3260,60
3261,19
3262,24
3263,25
3264,15
3265,19
3266,24
3267,25
3268,21
3269,38
3270,22
3271,21
3272,16
3273,26
3274,26
3275,35
3276,31
3277,101
3278,48
3279,27
3280,48
3281,16
3282,25
3283,25
3284,28
3285,19
3286,17
3287,70
3288,52
3289,15
3290,34
3291,16
3292,23
3293,18
3294,32
3295,69
3296,87
3297,16
3298,54
3299,24
3300,19
3301,97
3302,20
3303,23
3304,19
3305,23
3306,27
3307,34
3308,28
3309,18
3310,17
3311,20
3312,25
3313,55
3314,48
3315,98
3316,22
3317,26
3318,39
3319,92
3320,20
3321,34
3322,35
3323,103
3324,38
3325,42
3326,41
3327,27
3328,16
3329,22
3330,20
3331,58
3332,18
3333,62
3334,25
3335,30
3336,22
3337,27
3338,31
3339,20
3340,38
3341,42
3342,26
3343,16
3344,42
3345,36
3346,19
3347,145
3348,25
3349,31
3350,44
3351,20
3352,44
3353,15
3354,22
3355,40
3356,18
3357,23
3358,21
3359,17
3360,34
3361,18
3362,18
3363,26
3364,16
3365,43
3366,21
3367,76
3368,16
3369,33
3370,56
3371,95
3372,66
3373,28
3374,42
3375,29
3376,25
3377,25
3378,17
3379,30
3380,22
3381,22
3382,107
3383,19
3384,17
3385,36
3386,34
3387,50
3388,20
3389,43
3390,25
3391,40
3392,20
3393,34
3394,19
3395,33
3396,16
3397,36
3398,32
3399,26
3400,19
3401,168
3402,24
3403,17
3404,32
3405,39
3406,19
3407,72
3408,16
3409,20
3410,24
3411,64
3412,89
3413,17
3414,44
3415,47
3416,22
3417,18
3418,15
3419,25
3420,16
3421,23
3422,51
3423,28
3424,15
3425,28
3426,17
3427,34
3428,15
3429,17
3430,19
3431,34
3432,132
3433,24
3434,33
3435,60
3436,15
3437,17
3438,36
3439,20
3440,47
3441,24
3442,23
3443,44
3444,19
3445,27
3446,40
3447,16
3448,27
3449,16
3450,39
3451,75
3452,64
3453,33
3454,31
3455,20
3456,30
3457,61
3458,38
3459,32
3460,39
3461,17
3462,73
3463,27
3464,18
3465,32
3466,20
3467,28
3468,21
3469,22
3470,27
3471,54
3472,101
3473,16
3474,27
3475,32
3476,16
3477,31
3478,16
3479,18
3480,20
3481,46
3482,22
3483,16
3484,26
3485,17
3486,37
3487,23
3488,20
3489,53
3490,18
3491,37
3492,37
3493,18
3494,19
3495,26
3496,32
3497,17
3498,29
3499,47
3500,35
3501,26
3502,33
3503,19
3504,47
3505,24
3506,33
3507,16
3508,17
3509,15
3510,18
3511,21
3512,24
3513,32
3514,21
3515,16
3516,20
3517,81
3518,19
3519,30
3520,18
3521,201
3522,41
3523,18
3524,22
3525,77
3526,21
3527,20
3528,20
3529,20
3530,37
3531,18
3532,28
3533,48
3534,44
3535,142
3536,27
3537,19
3538,17
3539,43
3540,47
3541,56
3542,26
3543,56
3544,28
3545,16
3546,30
3547,16
3548,18
3549,16
3550,25
3551,17
3552,19
3553,112
3554,22
3555,39
3556,28
3557,22
3558,107
3559,31
3560,33
3561,15
3562,40
3563,19
3564,32
3565,37
3566,19
3567,20
3568,22
3569,27
3570,31
3571,115
3572,56
3573,27
3574,22
3575,23
3576,17
3577,24
3578,76
3579,19
3580,17
3581,15
3582,36
3583,15
3584,16
3585,18
3586,44
3587,64
3588,41
3589,20
3590,41
3591,19
3592,24
3593,39
3594,23
3595,80
3596,22
3597,24
3598,19
3599,67
3600,20
3601,15
3602,24
3603,20
3604,20
3605,16
3606,28
3607,15
3608,22
3609,25
3610,41
3611,20
3612,20
3613,21
3614,38
3615,27
3616,21
3617,23
3618,20
3619,25
3620,15
3621,44
3622,27
3623,30
3624,25
3625,18
3626,34
3627,19
3628,48
3629,34
3630,23
3631,15
3632,35
3633,19
3634,17
3635,19
3636,30
3637,24
3638,41
3639,27
3640,24
3641,36
3642,22
3643,25
3644,22
3645,52
3646,15
3647,23
3648,30
3649,36
3650,24
3651,28
3652,41
3653,27
3654,27
3655,40
3656,48
3657,29
3658,44
3659,24
3660,45
3661,32
3662,22
3663,25
3664,36
3665,21
3666,25
3667,34
3668,19
3669,33
3670,17
3671,24
3672,39
3673,38
3674,26
3675,17
3676,29
3677,23
3678,41
3679,16
3680,32
3681,19
3682,30
3683,23
3684,38
3685,24
3686,27
3687,21
3688,26
3689,20
3690,74
3691,19
3692,30
3693,95
3694,32
3695,22
3696,32
3697,29
3698,28
3699,24
3700,34
3701,62
3702,24
3703,16
3704,17
3705,61
3706,23
3707,17
3708,39
3709,21
3710,15
3711,31
3712,54
3713,39
3714,55
3715,81
3716,58
3717,48
3718,52
3719,15
3720,17
3721,16
3722,16
3723,28
3724,34
3725,41
3726,18
3727,167
3728,66
3729,16
3730,34
3731,16
3732,42
3733,22
3734,18
3735,19
3736,26
3737,22
3738,18
3739,32
3740,18
3741,19
3742,51
3743,40
3744,21
3745,20
3746,33
3747,48
3748,17
3749,19
3750,24
3751,92
3752,15
3753,18
3754,21
3755,40
3756,20
3757,41
3758,16
3759,34
3760,16
3761,23
3762,48
3763,16
3764,24
3765,20
3766,54
3767,21
3768,28
3769,25
3770,22
3771,87
3772,22
3773,25
3774,38
3775,35
3776,22
3777,21
3778,31
3779,38
3780,15
3781,18
3782,44
3783,43
3784,64
3785,19
3786,21
3787,19
3788,36
3789,43
3790,23
3791,16
3792,25
3793,41
3794,49
3795,18
3796,24
3797,16
3798,19
3799,19
3800,34
3801,72
3802,19
3803,24
3804,107
3805,22
3806,42
3807,34
3808,23
3809,18
3810,33
3811,110
3812,26
3813,30
3814,21
3815,31
3816,31
3817,24
3818,18
3819,40
3820,19
3821,16
3822,25
3823,23
3824,22
3825,16
3826,17
3827,18
3828,36
3829,24
3830,16
3831,25
3832,36
3833,44
3834,26
3835,26
3836,46
3837,23
3838,18
3839,18
3840,17
3841,79
3842,53
3843,21
3844,26
3845,51
3846,40
3847,40
3848,16
3849,43
3850,50
3851,18
3852,16
3853,25
3854,19
3855,27
3856,29
3857,22
3858,24
3859,60
3860,19
3861,16
3862,102
3863,18
3864,27
3865,30
3866,58
3867,25
3868,26
3869,23
3870,23
3871,33
3872,23
3873,42
3874,38
3875,22
3876,19
3877,16
3878,22
3879,19
3880,181
3881,18
3882,72
3883,18
3884,17
3885,35
3886,35
3887,17
3888,20
3889,23
3890,42
3891,31
3892,34
3893,19
3894,20
3895,41
3896,17
3897,30
3898,24
3899,26
3900,82
3901,24
3902,33
3903,17
3904,31
3905,30
3906,18
3907,33
3908,24
3909,23
3910,22
3911,33
3912,65
3913,36
3914,34
3915,22
3916,23
3917,16
3918,69
3919,18
3920,24
3921,46
3922,45
3923,32
3924,42
3925,20
3926,17
3927,51
3928,16
3929,17
3930,33
3931,31
3932,38
3933,22
3934,18
3935,16
3936,25
3937,45
3938,18
3939,25
3940,44
3941,18
3942,81
3943,36
3944,36
3945,20
3946,44
3947,18
3948,30
3949,28
3950,15
3951,123
3952,25
3953,19
3954,15
3955,27
3956,66
3957,40
3958,31
3959,93
3960,46
3961,17
3962,19
3963,79
3964,16
3965,17
3966,36
3967,41
3968,45
3969,18
3970,19
3971,23
3972,76
3973,19
3974,26
3975,64
3976,32
3977,21
3978,23
3979,15
3980,23
3981,15
3982,21
3983,17
3984,17
3985,18
3986,63
3987,18
3988,20
3989,20
3990,41
3991,41
3992,16
3993,40
3994,19
3995,16
3996,29
3997,20
3998,24
3999,38
4000,30
4001,22
4002,25
4003,17
4004,17
4005,25
4006,44
4007,52
4008,24
4009,42
4010,46
4011,22
4012,18
4013,17
4014,55
4015,24
4016,17
4017,21
4018,32
4019,33
4020,26
4021,22
4022,22
4023,26
4024,32
4025,18
4026,35
4027,23
4028,20
4029,21
4030,26
4031,56
4032,15
4033,20
4034,15
4035,16
4036,19
4037,20
4038,18
4039,79
4040,21
4041,24
4042,20
4043,32
4044,19
4045,20
4046,36
4047,54
4048,21
4049,32
4050,47
4051,30
4052,19
4053,30
4054,29
4055,34
4056,37
4057,32
4058,45
4059,16
4060,22
4061,38
4062,18
4063,24
4064,47
4065,52
4066,30
4067,22
4068,19
4069,21
4070,22
4071,36
4072,23
4073,16
4074,19
4075,16
4076,27
4077,44
4078,16
4079,15
4080,22
4081,28
4082,28
4083,16
4084,27
4085,34
4086,20
4087,17
4088,22
4089,52
4090,36
4091,21
4092,15
4093,40
4094,20
4095,16
4096,32
4097,28
4098,26
4099,66
4100,45
4101,20
4102,18
4103,38
4104,32
4105,22
4106,23
4107,22
4108,15
4109,28
4110,60
4111,44
4112,44
4113,16
4114,32
4115,23
4116,18
4117,28
4118,44
4119,26
4120,18
4121,49
4122,23
4123,24
4124,22
4125,27
4126,33
4127,51
4128,40
4129,48
4130,21
4131,33
4132,54
4133,23
4134,119
4135,54
4136,23
4137,22
4138,27
4139,22
4140,93
4141,17
4142,55
4143,27
4144,22
4145,50
4146,27
4147,26
4148,35
4149,25
4150,15
4151,28
4152,43
4153,24
4154,36
4155,36
4156,26
4157,25
4158,18
4159,69
4160,24
4161,22
4162,26
4163,92
4164,17
4165,35
4166,39
